City_ID,City,Lat,Lng,Max Temp,Humidity,Cloudiness,Wind Speed,Country,Date
0,leirvik,59.7798,5.5005,17.02,86,52,3.93,NO,1691962365
1,anadyr,64.75,177.4833,14.28,66,0,7.6,RU,1691962365
2,port mathurin,-19.6833,63.4167,22.68,72,22,10.64,MU,1691962365
3,adamstown,-25.066,-130.1015,18.51,58,31,2.83,PN,1691962365
4,aasiaat,68.7098,-52.8699,3.77,95,98,1.09,GL,1691962366
5,bytca,49.224,18.5588,20.58,85,0,1.03,SK,1691962366
6,bethel,41.3712,-73.414,30.86,59,0,3.6,US,1691962366
7,puerto natales,-51.7236,-72.4875,2.07,97,100,1.66,CL,1691962366
8,auki,-8.7676,160.7034,24.33,92,100,4.46,SB,1691962366
9,margaret river,-33.95,115.0667,13.19,78,9,4.9,AU,1691962147
10,invercargill,-46.4,168.35,4.45,91,56,2.68,NZ,1691962305
11,whitehorse,60.7161,-135.0538,16.68,40,75,7.15,CA,1691962366
12,stanley,54.868,-1.6985,15.03,80,0,3.6,GB,1691962208
13,nishinoomote,30.7333,131.0,27.47,79,3,8.12,JP,1691962366
14,ushuaia,-54.8,-68.3,1.81,64,0,2.06,AR,1691962368
15,opuwo,-18.0607,13.84,16.04,30,4,0.62,NA,1691962368
16,gadzhiyevo,69.2551,33.3362,14.27,83,94,2.41,RU,1691962368
17,vilyuysk,63.7553,121.6247,15.63,79,83,2.13,RU,1691962368
18,susuman,62.7833,148.1667,20.37,40,37,0.96,RU,1691962368
19,broome,42.2506,-75.833,25.92,62,100,4.12,US,1691962368
20,port-aux-francais,-49.35,70.2167,2.45,66,99,8.81,TF,1691962284
21,hawaiian paradise park,19.5933,-154.9731,28.18,73,20,4.63,US,1691962368
22,ribeira grande,38.5167,-28.7,24.32,85,22,5.36,PT,1691962368
23,vadso,70.0744,29.7487,13.49,94,75,5.66,NO,1691962368
24,beau vallon,-20.4189,57.6953,23.13,78,40,4.63,MU,1691962369
25,blackmans bay,-43.0167,147.3167,1.4,92,95,1.25,AU,1691962369
26,wailua homesteads,22.0669,-159.378,29.44,70,20,5.14,US,1691962369
27,yellowknife,62.456,-114.3525,26.34,40,75,7.72,CA,1691962075
28,edinburgh of the seven seas,-37.0676,-12.3116,10.8,67,91,6.03,SH,1691962369
29,thompson,55.7435,-97.8558,25.09,31,40,4.63,CA,1691962369
30,kourou,5.1552,-52.6478,29.03,82,10,2.76,GF,1691962369
31,hermanus,-34.4187,19.2345,10.45,70,100,3.75,ZA,1691962369
32,arraial do cabo,-22.9661,-42.0278,21.98,88,100,4.12,BR,1691962370
33,puerto baquerizo moreno,-0.9,-89.6,27.55,65,75,6.17,EC,1691962370
34,bikenibeu village,1.3673,173.1241,27.98,89,75,2.57,KI,1691962370
35,derbent,42.0678,48.2899,26.74,42,11,3.23,RU,1691962370
36,elliot lake,46.3834,-82.6331,19.57,56,96,2.78,CA,1691962370
37,zhosaly,45.4878,64.0781,19.18,25,0,4.29,KZ,1691962370
38,richards bay,-28.783,32.0377,17.76,80,0,1.65,ZA,1691962370
39,lazaro cardenas,17.9583,-102.2,30.77,74,5,4.13,MX,1691962371
40,olinda,-8.0089,-34.8553,25.85,78,75,5.14,BR,1691962334
41,iskateley,67.6803,53.1512,13.4,89,57,1.59,RU,1691962371
42,puerto ayora,-0.7393,-90.3518,30.98,73,58,5.19,EC,1691962371
43,grytviken,-54.2811,-36.5092,-5.46,82,15,5.01,GS,1691962371
44,limoux,42.9167,2.1667,22.19,81,7,1.96,FR,1691962371
45,masaya sur,16.497,121.7456,23.99,90,32,0.93,PH,1691962371
46,armidale,-30.5167,151.65,12.4,51,20,4.44,AU,1691962302
47,grand falls-windsor,48.9332,-55.6649,22.5,63,78,3.06,CA,1691962366
48,georgetown,5.4112,100.3354,26.12,97,40,1.54,MY,1691962371
49,alice springs,-23.7,133.8833,11.75,54,20,0.0,AU,1691962372
50,pathein,16.7833,94.7333,25.45,92,100,2.42,MM,1691962372
51,punta gorda,26.9298,-82.0454,34.01,71,40,5.66,US,1691962372
52,bredasdorp,-34.5322,20.0403,10.05,81,81,2.63,ZA,1691962372
53,le port,-20.9373,55.2919,21.98,97,16,4.02,RE,1691962372
54,praya,14.9215,-23.5087,28.3,78,20,4.63,CV,1691962372
55,heroica caborca,30.7167,-112.15,39.99,18,0,3.86,MX,1691962373
56,waitangi,-43.9535,-176.5597,12.68,92,78,1.79,NZ,1691962373
57,ola,59.5833,151.2833,16.72,75,11,1.12,RU,1691962373
58,laojunmiao,39.8333,97.7333,20.57,37,100,1.24,CN,1691962373
59,iqaluit,63.7506,-68.5145,8.85,76,20,2.57,CA,1691962373
60,ilulissat,69.2167,-51.1,8.01,87,100,1.54,GL,1691962373
61,tura,25.5198,90.2201,23.23,95,100,0.85,IN,1691962373
62,albany,42.6001,-73.9662,27.67,59,48,0.89,US,1691962241
63,vredendal,-31.6683,18.5012,9.71,79,0,2.96,ZA,1691962373
64,fale old settlement,-9.3852,-171.2468,28.18,70,4,7.68,TK,1691962373
65,knoxville,35.9606,-83.9207,32.38,62,0,2.57,US,1691962185
66,west island,-12.1568,96.8225,24.99,73,100,9.26,CC,1691962374
67,atafu village,-8.5421,-172.5159,28.6,68,56,8.08,TK,1691962374
68,laguna,38.421,-121.4238,38.9,31,0,2.06,US,1691962374
69,ghadamis,30.1337,9.5007,30.79,22,0,8.37,LY,1691962374
70,badger,64.8,-147.5333,20.55,54,75,1.54,US,1691962374
71,taltal,-25.4,-70.4833,17.78,71,19,0.22,CL,1691962374
72,sohbatpur,28.5202,68.5434,32.53,52,27,4.74,PK,1691962374
73,axim,4.8699,-2.2405,23.92,89,57,4.27,GH,1691962374
74,mahina,-17.5065,-149.489,26.87,65,40,4.12,PF,1691962375
75,cabo san lucas,22.8909,-109.9124,36.45,55,20,2.06,MX,1691962228
76,avarua,-21.2078,-159.775,25.03,65,75,1.54,CK,1691962375
77,island harbour,50.724,-1.2758,17.74,88,93,0.89,GB,1691962375
78,dudinka,69.4058,86.1778,10.9,79,41,2.49,RU,1691962375
79,port elizabeth,-33.918,25.5701,13.39,76,20,5.14,ZA,1691962375
80,college,64.8569,-147.8028,20.6,53,75,1.54,US,1691962375
81,papatowai,-46.5619,169.4708,5.82,83,57,1.67,NZ,1691962375
82,mana,5.6592,-53.7767,26.9,82,12,3.54,GF,1691962375
83,kodiak,57.79,-152.4072,15.73,77,75,2.06,US,1691962308
84,vorkuta,67.5,64.0,15.46,94,98,1.82,RU,1691962376
85,ghanzi,-21.5667,21.7833,18.53,27,0,4.25,BW,1691962376
86,pisco,-13.7,-76.2167,22.03,64,0,4.12,PE,1691962376
87,piti village,13.4626,144.6933,26.49,89,100,1.54,GU,1691962376
88,linfen,36.0889,111.5189,25.76,68,22,0.9,CN,1691962376
89,ancud,-41.8697,-73.8203,10.73,99,100,5.9,CL,1691962376
90,deqen,29.9618,90.7188,11.98,82,100,2.1,CN,1691962376
91,hobyo,5.3505,48.5268,24.82,87,67,9.61,SO,1691962376
92,el jadid,33.2549,-8.506,22.5,84,18,6.54,MA,1691962376
93,ketchikan,55.3422,-131.6461,16.26,88,100,3.09,US,1691962250
94,lakatoro,-16.0999,167.4164,23.99,70,70,4.55,VU,1691962377
95,vilyuchinsk,52.9306,158.4028,15.15,76,14,0.99,RU,1691962377
96,port lincoln,-34.7333,135.8667,10.93,78,39,2.43,AU,1691962377
97,constantia,44.1833,28.65,20.39,72,0,4.49,RO,1691962377
98,madalena,41.2162,-8.3345,16.92,93,25,0.89,PT,1691962377
99,dawei,14.0833,98.2,24.95,90,100,0.34,MM,1691962377
100,teguise,29.0605,-13.564,24.12,73,0,9.77,ES,1691962377
101,rabaul,-4.1967,152.1721,26.22,84,89,5.88,PG,1691962377
102,fort bragg,35.139,-79.006,36.91,44,0,2.06,US,1691962377
103,romanovo,52.6182,81.2271,9.97,95,100,3.76,RU,1691962377
104,talnakh,69.4865,88.3972,10.67,73,100,1.18,RU,1691962378
105,codrington,-38.2667,141.9667,7.31,72,94,1.0,AU,1691962378
106,minas de marcona,-15.2119,-75.1103,16.33,67,11,3.66,PE,1691962378
107,newport,51.5877,-2.9984,16.49,90,100,4.67,GB,1691962338
108,port blair,11.6667,92.75,27.02,89,40,2.06,IN,1691962378
109,punta arenas,-53.15,-70.9167,0.62,89,99,3.42,CL,1691962338
110,weno,7.4515,151.8468,26.97,94,100,2.06,FM,1691962378
111,st. john's,47.5649,-52.7093,22.86,60,20,5.14,CA,1691962363
112,hamilton,39.1834,-84.5333,32.19,50,0,4.12,US,1691962378
113,nisporeni,47.0814,28.1783,18.12,44,0,0.86,MD,1691962378
114,lebu,-37.6167,-73.65,11.45,89,100,1.55,CL,1691962378
115,labrador city,52.9463,-66.9114,19.95,52,75,4.12,CA,1691962215
116,uturoa,-16.7333,-151.4333,25.49,70,99,5.8,PF,1691962379
117,itoman,26.1247,127.6694,28.43,87,75,1.54,JP,1691962379
118,mosfellsbaer,64.1667,-21.7,13.73,82,0,3.6,IS,1691962379
119,bonthe,7.5264,-12.505,25.37,83,99,4.25,SL,1691962379
120,san ignacio,17.1561,-89.0714,25.08,94,75,3.09,BZ,1691962379
121,crystal city,28.6775,-99.8281,42.06,20,0,6.78,US,1691962379
122,fortuna foothills,32.6578,-114.4119,41.97,20,0,5.14,US,1691962379
123,saint-pierre,-21.3393,55.4781,20.82,83,0,2.06,RE,1691962379
124,lorengau,-2.0226,147.2712,27.09,81,100,6.28,PG,1691962380
125,guaxupe,-21.3053,-46.7128,22.31,49,100,0.47,BR,1691962334
126,cerro largo,-28.1486,-54.7381,9.4,71,1,1.38,BR,1691962380
127,coquimbo,-29.9533,-71.3436,15.85,82,40,3.6,CL,1691962289
128,monte argentario,42.4345,11.1195,24.89,83,0,2.22,IT,1691962380
129,kastamonu,41.5,33.6667,18.15,91,1,1.45,TR,1691962380
130,tiksi,71.6872,128.8694,8.52,61,67,1.75,RU,1691962380
131,el calafate,-50.3408,-72.2768,0.67,80,58,1.13,AR,1691962380
132,bilibino,68.0546,166.4372,17.42,47,99,1.38,RU,1691962380
133,de aar,-30.6497,24.0123,11.82,32,0,2.6,ZA,1691962380
134,den burg,53.0542,4.7972,17.22,89,91,3.09,NL,1691962381
135,gadani,25.1185,66.7299,27.12,87,100,8.89,PK,1691962381
136,tres arroyos,-38.3739,-60.2798,14.15,39,69,8.49,AR,1691962381
137,qaqortoq,60.7167,-46.0333,9.21,70,78,1.4,GL,1691962381
138,haparanda,65.8355,24.1368,14.03,89,89,2.95,SE,1691962381
139,lihue,21.9789,-159.3672,29.77,61,20,5.14,US,1691962382
140,hotan,37.0997,79.9269,26.91,17,82,1.96,CN,1691962382
141,shingu,33.7333,135.9833,27.82,77,100,5.96,JP,1691962382
142,sibu,2.3,111.8167,24.17,94,20,1.54,MY,1691962382
143,keflavik,64.0049,-22.5624,13.95,71,0,4.63,IS,1691962382
144,guinguineo,14.2667,-15.95,24.82,91,100,4.07,SN,1691962382
145,kachug,53.9606,105.8817,15.17,79,94,0.74,RU,1691962382
146,choibalsan,48.0667,114.5,17.55,81,58,1.7,MN,1691962382
147,pimentel,-6.8367,-79.9342,25.16,65,20,7.2,PE,1691962383
148,polyarnyy,69.1989,33.4478,14.88,82,95,2.49,RU,1691962383
149,madingou,-4.1536,13.55,26.88,51,4,1.64,CG,1691962383
150,lompoc,34.6391,-120.4579,24.91,73,20,4.63,US,1691962383
151,siniscola,40.5719,9.6922,22.75,55,0,0.98,IT,1691962383
152,kidal,18.4411,1.4078,30.08,44,100,2.79,ML,1691962384
153,chibougamau,49.9168,-74.3659,17.79,82,75,2.06,CA,1691962351
154,howard springs,-12.497,131.047,21.95,91,1,2.82,AU,1691962384
155,hithadhoo,-0.6,73.0833,27.56,75,30,5.61,MV,1691962384
156,savanna-la-mar,18.219,-78.1332,31.97,80,31,1.86,JM,1691962384
157,champerico,14.3,-91.9167,31.3,76,59,3.31,GT,1691962384
158,verkhnyaya sinyachikha,57.976,61.6673,13.16,67,7,2.37,RU,1691962384
159,matoury,4.8483,-52.3317,28.98,70,0,3.6,GF,1691962385
160,ostersund,63.1792,14.6357,13.25,100,100,2.57,SE,1691962385
161,labytnangi,66.6572,66.4183,16.64,77,83,1.41,RU,1691962385
162,hilo,19.7297,-155.09,28.3,72,20,4.63,US,1691962385
163,longyearbyen,78.2186,15.6401,7.91,93,100,2.06,SJ,1691962385
164,la gi,10.6667,107.7833,25.59,90,5,3.75,VN,1691962385
165,dong ha,16.8163,107.1003,25.57,81,89,2.98,VN,1691962385
166,wuwei,37.9281,102.6414,23.61,34,94,2.25,CN,1691962386
167,khuzdar,27.7384,66.6434,28.76,16,13,3.08,PK,1691962386
168,luwuk,-0.9516,122.7875,24.0,88,100,1.92,ID,1691962386
169,rio gallegos,-51.6226,-69.2181,5.03,70,0,2.57,AR,1691962386
170,odate,40.2686,140.5683,22.4,92,100,3.89,JP,1691962386
171,mount isa,-20.7333,139.5,7.87,87,2,0.0,AU,1691962386
172,ambatondrazaka,-17.8333,48.4167,17.25,90,77,1.67,MG,1691962386
173,kimbe,-5.5502,150.1429,23.58,95,100,2.7,PG,1691962386
174,hoquiam,46.9809,-123.8893,35.76,48,0,5.14,US,1691962386
175,tateyama,34.9833,139.8667,27.31,88,37,6.31,JP,1691962387
176,nisa,43.7031,7.2661,26.37,69,0,1.03,FR,1691962093
177,halifax,44.6453,-63.5724,20.94,96,95,2.57,CA,1691962370
178,isafjordur,66.0755,-23.124,11.49,61,0,2.32,IS,1691962387
179,jamestown,42.097,-79.2353,25.57,55,40,5.66,US,1691962324
180,zhezqazghan,47.7833,67.7667,15.21,37,6,3.72,KZ,1691962387
181,qoryooley,1.7878,44.53,23.5,92,56,4.56,SO,1691962387
182,hillsborough,37.5741,-122.3794,35.72,61,40,7.72,US,1691962096
183,ust-nera,64.5667,143.2,23.44,36,84,1.55,RU,1691962387
184,tralee,52.2704,-9.7026,13.35,89,100,1.25,IE,1691962387
185,olonkinbyen,70.9221,-8.7187,4.21,84,95,4.56,SJ,1691962388
186,road town,18.4167,-64.6167,31.05,74,40,5.66,VG,1691962282
187,roma,43.2128,-75.4557,25.38,62,40,6.69,US,1691962143
188,grand gaube,-20.0064,57.6608,23.22,73,3,0.89,MU,1691962388
189,yuzhno-kurilsk,44.0306,145.8556,13.93,82,82,5.01,RU,1691962388
190,san rafael,-34.6177,-68.3301,20.49,17,100,7.07,AR,1691962388
191,jizzax,40.1158,67.8422,17.93,32,0,1.52,UZ,1691962388
192,walvis bay,-22.9575,14.5053,13.38,94,2,1.54,NA,1691962388
193,kantemirovka,49.7089,39.8592,18.54,60,2,2.81,RU,1691962388
194,nagqu,31.5,92.0,4.98,89,100,1.81,CN,1691962098
195,magadan,59.5667,150.8,17.09,73,6,1.04,RU,1691962389
196,tazovsky,67.4667,78.7,8.24,74,1,2.71,RU,1691962343
197,san luis de la loma,17.2706,-100.8939,31.52,74,22,3.46,MX,1691962389
198,jumelles,47.4351,-0.1037,18.28,80,62,2.33,FR,1691962389
199,bomdila,27.25,92.4,15.45,97,100,0.87,IN,1691962389
200,sambava,-14.2667,50.1667,21.37,93,18,3.18,MG,1691962389
201,igarka,67.4667,86.5833,13.67,83,78,3.19,RU,1691962389
202,kill devil hills,36.0307,-75.676,32.01,69,0,6.69,US,1691962389
203,udachny,66.4167,112.4,11.92,81,100,4.58,RU,1691962390
204,maumere,-8.6199,122.2111,24.17,74,58,1.34,ID,1691962390
205,belmonte,-15.8631,-38.8828,22.63,81,9,3.46,BR,1691962390
206,usogorsk,63.4106,48.6872,20.61,66,88,1.79,RU,1691962390
207,rio grande,-32.035,-52.0986,12.06,59,71,1.14,BR,1691962092
208,utrik,11.2278,169.8474,28.05,74,24,7.03,MH,1691962390
209,qamdo,31.1667,97.2333,6.78,82,100,1.98,CN,1691962390
210,hami,42.8,93.45,25.39,28,0,3.47,CN,1691962391
211,amga,60.8953,131.9608,17.92,55,100,4.4,RU,1691962391
212,afaahiti,-17.75,-149.2833,25.93,75,91,4.37,PF,1691962391
213,brisas de zicatela,15.8369,-97.0419,31.29,66,75,2.57,MX,1691962391
214,freetown,8.484,-13.2299,25.84,89,75,4.12,SL,1691962391
215,san patricio,28.017,-97.5169,38.4,45,0,7.83,US,1691962392
216,sinjai,-5.1241,120.253,23.9,88,85,0.47,ID,1691962392
217,shiqian,27.5225,108.2281,21.48,96,6,0.56,CN,1691962392
218,tual,-5.6667,132.75,25.53,81,82,10.21,ID,1691962392
219,tamanrasset,22.785,5.5228,31.95,17,40,2.57,DZ,1691962392
220,nar'yan-mar,67.6713,53.087,13.5,89,60,1.62,RU,1691962393
221,devils lake,48.1128,-98.8651,17.19,92,100,2.24,US,1691962393
222,chagoda,59.164,35.3285,15.77,98,13,1.94,RU,1691962393
223,phang nga,8.4509,98.5298,26.02,94,77,1.85,TH,1691962393
224,luau,-10.7073,22.2247,18.26,23,64,2.28,AO,1691962393
225,rongelap,11.1635,166.8941,28.63,79,54,7.01,MH,1691962393
226,antsiranana,-12.2787,49.2917,22.58,87,6,5.69,MG,1691962393
227,mullaloo,-31.779,115.7368,11.05,96,43,1.08,AU,1691962394
228,imbituba,-28.24,-48.6703,11.68,72,1,2.26,BR,1691962146
229,aykhal,66.0,111.5,13.12,78,100,5.39,RU,1691962394
230,tolanaro,-25.0319,46.9987,23.04,88,40,6.17,MG,1691962394
231,corinto,37.9407,22.9573,26.61,55,40,2.79,GR,1691962394
232,ghormach,35.7306,63.7826,19.88,24,0,1.07,AF,1691962394
233,rapar,23.5667,70.6333,26.76,79,100,7.47,IN,1691962394
234,ji'an,27.1172,114.9793,24.88,94,10,0.65,CN,1691962394
235,abra pampa,-22.7205,-65.697,9.58,47,93,4.79,AR,1691962394
236,fiambala,-27.6871,-67.6149,16.61,30,0,2.08,AR,1691962394
237,belyy yar,53.6039,91.3903,9.94,93,20,1.0,RU,1691962395
238,siklos,45.855,18.2975,21.58,64,0,1.54,HU,1691962395
239,peace river,56.2501,-117.286,28.17,41,20,8.75,CA,1691962395
240,hadibu,12.65,54.0333,26.18,80,4,6.77,YE,1691962395
241,leh,34.1667,77.5833,18.04,50,21,3.22,IN,1691962395
242,hanceville,34.0607,-86.7675,35.81,53,35,1.33,US,1691962395
243,pandan,14.0453,124.1694,27.21,81,98,2.33,PH,1691962395
244,kolonia,50.9333,6.95,20.54,75,0,0.51,DE,1691962395
245,kingston,17.997,-76.7936,31.53,70,75,12.35,JM,1691962395
246,daru,-9.0763,143.2092,24.11,80,72,5.44,PG,1691962396
247,hallsberg,59.0657,15.1117,15.97,90,40,2.57,SE,1691962396
248,happy valley-goose bay,53.3168,-60.3315,17.17,67,100,3.09,CA,1691962100
249,mbala,-8.8402,31.3659,17.3,56,65,2.59,ZM,1691962396
250,libertad,8.9442,125.5019,24.19,92,100,1.15,PH,1691962396
251,pacific grove,36.6177,-121.9166,29.25,78,0,3.58,US,1691962396
252,katsuura,35.1333,140.3,27.46,90,5,5.61,JP,1691962396
253,yung shue wan,22.2333,114.1167,28.71,92,85,4.3,HK,1691962397
254,haiku-pauwela,20.9219,-156.3051,30.01,57,20,9.77,US,1691962397
255,sedhiou,12.7081,-15.5569,24.28,95,100,2.64,SN,1691962397
256,nuuk,64.1835,-51.7216,9.93,93,100,1.54,GL,1691962357
257,bor,56.3567,44.0669,20.96,96,100,3.8,RU,1691962397
258,khouribga,32.9333,-6.6,30.56,27,58,1.13,MA,1691962397
259,port douglas,-16.4833,145.4667,20.15,67,31,2.2,AU,1691962307
260,turkmenbasy,40.0222,52.9552,30.43,20,0,8.75,TM,1691962397
261,sainte catherine de la jacques cartier,46.8524,-71.6206,22.72,91,92,1.83,CA,1691962185
262,leninskoye,41.7589,69.3864,16.82,33,0,1.81,KZ,1691962398
263,piritiba,-11.7303,-40.5553,21.84,65,26,3.66,BR,1691962194
264,kudahuvadhoo,2.6708,72.8944,27.7,73,26,3.51,MV,1691962398
265,san antonio de pale,-1.4014,5.6325,24.02,85,100,5.75,GQ,1691962398
266,comodoro rivadavia,-45.8667,-67.5,11.92,62,0,3.09,AR,1691962189
267,kayangel,8.0823,134.7173,27.52,81,100,5.96,PW,1691962398
268,kogalym,62.2654,74.4791,10.36,60,34,4.94,RU,1691962398
269,tsiombe,-25.3,45.4833,20.2,90,86,0.98,MG,1691962398
270,sao vicente,-23.9631,-46.3919,19.1,62,100,2.06,BR,1691962398
271,klaksvik,62.2266,-6.589,12.51,93,100,6.43,FO,1691962399
272,petropavlovsk-kamchatsky,53.0452,158.6483,14.33,82,20,4.0,RU,1691962399
273,juegang,32.3174,121.1855,28.84,90,100,2.56,CN,1691962399
274,gaigeturi,33.4644,126.3183,26.03,78,0,2.57,KR,1691962399
275,syktyvkar,61.6764,50.8099,14.85,100,0,2.0,RU,1691962356
276,calugareni,44.1717,25.9956,22.99,48,0,2.87,RO,1691962399
277,mount darwin,-16.7725,31.5838,13.24,56,0,1.57,ZW,1691962400
278,venice,27.0998,-82.4543,35.59,70,20,5.14,US,1691962311
279,lubang,13.8584,120.124,28.73,76,81,4.07,PH,1691962400
280,bonga,7.2833,36.2333,15.52,97,74,0.75,ET,1691962400
281,kampong speu,11.5,104.3333,25.11,86,10,2.16,KH,1691962400
282,muden,52.5277,10.3601,20.08,86,20,1.17,DE,1691962400
283,hamamatsu,34.7,137.7333,26.63,85,99,3.58,JP,1691962377
284,kavaratti,10.5669,72.642,27.57,71,100,5.14,IN,1691962400
285,portland,45.5234,-122.6762,39.73,27,20,5.66,US,1691962126
286,tvoroyri,61.5556,-6.8111,10.61,94,100,9.1,FO,1691962400
287,santa elena de uairen,4.6167,-61.1333,21.81,79,56,1.36,VE,1691962401
288,luanda,-8.8368,13.2343,20.0,88,40,4.12,AO,1691962275
289,coahuayana de hidalgo,18.7,-103.6583,32.76,65,22,2.97,MX,1691962401
290,mitu,1.1983,-70.1733,25.1,85,99,0.49,CO,1691962401
291,saipan,15.1355,145.701,26.47,100,75,2.24,MP,1691962401
292,verkhnevilyuysk,63.4453,120.3167,15.69,87,100,1.99,RU,1691962401
293,kuruman,-27.4524,23.4325,9.44,31,0,2.11,ZA,1691962401
294,inhambane,-23.865,35.3833,19.03,74,0,3.34,MZ,1691962401
295,sitka,57.0531,-135.33,13.94,88,100,0.0,US,1691962402
296,tippi,7.2,35.45,17.57,95,68,1.57,ET,1691962402
297,enewetak,11.3474,162.3373,29.0,71,96,6.14,MH,1691962402
298,arno,60.1167,18.6333,15.44,94,13,2.98,SE,1691962402
299,woodlake,37.4211,-77.6793,35.87,64,0,4.12,US,1691962402
300,fianarantsoa,-21.4333,47.0833,15.02,92,94,2.01,MG,1691962402
301,kununurra,-15.7667,128.7333,16.99,94,0,0.0,AU,1691962402
302,lalgudi,10.8667,78.8333,27.18,74,40,2.06,IN,1691962402
303,changji,44.0167,87.3167,20.44,56,0,2.0,CN,1691962402
304,sungai raya,0.7,108.9,25.01,82,100,3.41,ID,1691962403
305,palasa,18.7667,84.4167,27.89,76,100,1.63,IN,1691962403
306,manta,-0.95,-80.7333,27.88,78,40,7.6,EC,1691962403
307,buala,-8.145,159.5921,26.19,87,100,6.95,SB,1691962403
308,vorgashor,67.5833,63.95,15.33,95,98,2.25,RU,1691962403
309,las tablas,7.7667,-80.2833,24.54,99,100,3.16,PA,1691962403
310,christchurch,-43.5333,172.6333,9.62,87,42,2.57,NZ,1691962328
311,ust-tsilma,65.441,52.1498,17.48,97,80,0.84,RU,1691962403
312,qarazhal,48.0078,70.7903,12.87,45,28,2.74,KZ,1691962404
313,northam,51.0333,-4.2167,17.03,97,100,7.59,GB,1691962404
314,papao,-17.75,-149.55,26.82,75,42,5.55,PF,1691962404
315,peymeinade,43.6333,6.8833,25.47,65,0,1.03,FR,1691962404
316,kyshtovka,56.555,76.6271,9.23,91,100,3.31,RU,1691962404
317,saint john,45.2727,-66.0677,20.57,88,100,4.63,CA,1691962386
318,zhaotong,27.3167,103.7167,15.15,92,0,0.69,CN,1691962404
319,mindelo,16.8901,-24.9804,28.75,74,40,1.54,CV,1691962404
320,balabac,7.9868,117.0645,26.81,82,100,2.12,PH,1691962404
321,valenca do piaui,-6.4075,-41.7456,27.81,34,19,3.95,BR,1691962405
322,turbat,26.0023,63.044,31.63,57,11,1.82,PK,1691962405
323,san jose del cabo,23.0589,-109.6977,36.44,57,40,4.63,MX,1691962405
324,eksere,36.8134,31.9997,26.88,26,35,2.24,TR,1691962405
325,tulun,54.5611,100.5792,14.47,95,68,1.96,RU,1691962405
326,okhotsk,59.3833,143.3,15.76,84,93,4.14,RU,1691962405
327,tommot,58.9564,126.2925,17.69,97,100,1.14,RU,1691962405
328,suva,-18.1416,178.4415,22.71,94,75,0.0,FJ,1691962406
329,qinhuangdao,39.9317,119.5883,23.31,85,0,1.53,CN,1691962406
330,ugoofaaru,5.6667,73.0,27.81,72,33,4.82,MV,1691962406
331,kapuskasing,49.4169,-82.4331,21.05,64,75,5.14,CA,1691962406
332,quesnel,52.9999,-122.5029,28.28,39,0,2.57,CA,1691962406
333,saudarkrokur,65.7461,-19.6394,8.29,90,24,1.2,IS,1691962406
334,colchani,-20.3,-66.9333,7.37,46,3,2.08,BO,1691962406
335,taungoo,18.9333,96.4333,23.63,97,99,1.78,MM,1691962407
336,alesund,62.4723,6.1549,17.64,98,75,1.54,NO,1691962407
337,santa marta,11.2408,-74.199,34.03,62,40,2.57,CO,1691962212
338,kerikeri,-35.2268,173.9474,16.06,71,100,2.18,NZ,1691962407
339,port isabel,26.0734,-97.2086,37.02,60,0,9.77,US,1691962407
340,port alfred,-33.5906,26.891,13.43,90,87,1.34,ZA,1691962407
341,tutoia,-2.7619,-42.2744,25.99,83,8,3.67,BR,1691962407
342,palmer,42.1584,-72.3287,28.78,56,20,3.6,US,1691962232
343,nantucket,41.2835,-70.0995,27.03,72,100,6.17,US,1691962407
344,petropavlivka,48.4564,36.4367,19.31,56,0,2.05,UA,1691962211
345,nizhnesortymskiy,62.4397,71.7603,9.31,59,1,4.16,RU,1691962408
346,san-pedro,4.7485,-6.6363,23.94,83,96,4.35,CI,1691962408
347,fort mcmurray,56.7268,-111.381,27.77,44,0,8.23,CA,1691962221
348,severo-yeniseyskiy,60.3725,93.0408,12.71,99,100,0.75,RU,1691962408
349,urangan,-25.3,152.9,17.76,70,1,5.69,AU,1691962408
350,krasnovishersk,60.4078,57.082,13.86,84,18,0.42,RU,1691962408
351,xunchang,28.4543,104.715,22.79,88,0,1.49,CN,1691962408
352,bangassou,4.7413,22.8184,21.3,99,100,0.96,CF,1691962408
353,al bahah,20.0129,41.4677,24.68,35,91,1.07,SA,1691962408
354,port macquarie,-31.4333,152.9167,11.61,79,88,2.11,AU,1691962409
355,nouadhibou,20.931,-17.0347,24.99,88,99,6.17,MR,1691962409
356,greenland,43.0362,-70.8328,28.19,88,75,5.14,US,1691962409
357,challans,46.8436,-1.8749,17.51,86,79,1.79,FR,1691962409
358,santa ana de yacuma,-13.75,-65.4333,21.97,56,75,4.12,BO,1691962409
359,miles city,46.4083,-105.8406,23.54,33,100,8.75,US,1691962409
360,villa gesell,-37.2639,-56.973,10.03,54,61,8.98,AR,1691962409
361,chonchi,-42.6128,-73.8092,12.29,98,100,1.75,CL,1691962409
362,trincomalee,8.5711,81.2335,27.08,75,69,8.68,LK,1691962410
363,sadovoye,47.7764,44.5089,26.03,51,22,3.17,RU,1691962410
364,le poinconnet,46.7641,1.7179,19.94,64,0,1.54,FR,1691962410
365,masterton,-40.9597,175.6575,11.6,69,53,4.21,NZ,1691962410
366,holualoa,19.6228,-155.9522,27.91,68,0,6.17,US,1691962410
367,saldanha,-33.0117,17.9442,11.03,77,18,6.43,ZA,1691962410
368,melfort,52.8667,-104.6177,20.07,56,85,1.54,CA,1691962410
369,as sulayyil,20.4607,45.5779,36.14,20,16,2.97,SA,1691962410
370,vila franca do campo,37.7167,-25.4333,24.23,92,63,1.81,PT,1691962411
371,antonio enes,-16.2325,39.9086,21.95,77,52,2.28,MZ,1691962411
372,lagunas,-5.2269,-75.6753,23.33,98,94,1.07,PE,1691962411
373,flin flon,54.7682,-101.865,20.91,68,75,3.6,CA,1691962411
374,vanimo,-2.6741,141.3028,24.89,91,100,2.71,PG,1691962411
375,zunyi,27.6867,106.9072,20.75,93,27,1.1,CN,1691962139
376,queenstown,-31.8976,26.8753,11.34,85,91,2.08,ZA,1691962411
377,soto la marina,23.7667,-98.2167,34.92,44,100,8.54,MX,1691962411
378,trinidad,-14.8333,-64.9,20.45,70,100,2.48,BO,1691962407
379,pitkyaranta,61.5734,31.4792,17.07,90,1,1.86,RU,1691962412
380,haciqabul,40.0408,48.9445,28.11,40,0,3.13,AZ,1691962412
381,karratha,-20.7377,116.8463,17.82,52,44,3.93,AU,1691962412
382,baiyin,36.5583,104.2081,21.3,51,59,1.57,CN,1691962412
383,peniche,39.3558,-9.3811,19.6,88,93,6.52,PT,1691962412
384,paita,-5.0892,-81.1144,22.51,79,90,6.34,PE,1691962413
385,cidreira,-30.1811,-50.2056,10.71,68,46,1.14,BR,1691962413
386,raufoss,60.7264,10.6172,12.44,98,100,1.7,NO,1691962413
387,golyshmanovo,56.3979,68.3728,9.56,65,100,3.18,RU,1691962413
388,karakecili,39.5942,33.3778,26.52,39,27,3.44,TR,1691962413
389,murghob,38.1702,73.9667,11.67,36,0,0.69,TJ,1691962413
390,letlhakane,-21.4167,25.5833,16.71,30,0,3.18,BW,1691962413
391,mar del plata,-38.0023,-57.5575,13.3,46,0,9.26,AR,1691962213
392,basoko,1.2391,23.616,21.87,96,29,0.46,CD,1691962414
393,alta,69.9689,23.2717,13.59,81,0,1.54,NO,1691962414
394,newman,37.3138,-121.0208,33.19,16,37,3.06,US,1691962414
395,san jose de mayo,-34.3375,-56.7136,9.33,46,78,3.99,UY,1691962414
396,starobin,52.7267,27.4606,17.63,70,32,3.24,BY,1691962414
397,mabaruma,8.2,-59.7833,27.31,75,17,2.46,GY,1691962414
398,wajir,1.7471,40.0573,27.11,51,96,7.95,KE,1691962415
399,howrah,22.5892,88.3103,27.0,94,75,0.0,IN,1691962415
400,ewo,-0.8725,14.8206,25.59,75,100,2.79,CG,1691962415
401,south hedland,-20.4089,118.5983,16.96,77,73,4.12,AU,1691962415
402,belel,7.05,14.4333,16.64,95,100,0.48,CM,1691962415
403,tindouf,27.6711,-8.1474,39.25,10,0,2.06,DZ,1691962415
404,ceeldheer,3.8488,47.1806,24.36,88,97,6.68,SO,1691962202
405,valparaiso,-33.0393,-71.6273,27.13,36,0,6.69,CL,1691962415
406,cihanbeyli,38.6607,32.9244,28.86,33,53,3.71,TR,1691962416
407,yujing,23.1249,120.4614,29.25,80,34,1.52,TW,1691962416
408,idfu,24.9803,32.8747,33.15,27,1,6.17,EG,1691962416
409,sonoita,31.85,-112.8333,38.41,18,5,5.36,MX,1691962416
410,nago,26.5881,127.9761,28.47,84,11,1.69,JP,1691962416
411,nova vicosa,-17.8919,-39.3719,22.45,80,22,3.4,BR,1691962416
412,bumba,2.1833,22.4667,21.83,96,63,0.64,CD,1691962416
413,raja,8.4596,25.678,21.08,94,25,1.87,SS,1691962416
414,sakaiminato,35.55,133.2333,24.99,100,75,1.54,JP,1691962416
415,leeton,-34.5667,146.4,8.27,95,99,1.81,AU,1691962417
416,dodoma,-6.1722,35.7395,18.29,70,2,5.94,TZ,1691962417
417,tosontsengel,48.7567,98.2839,9.74,93,77,1.12,MN,1691962417
418,woolgoolga,-30.1106,153.2007,17.25,85,20,3.92,AU,1691962417
419,cromer,52.9312,1.2989,18.23,72,97,3.58,GB,1691962417
420,mount gambier,-37.8333,140.7667,4.01,85,25,1.09,AU,1691962417
421,benghazi,32.1167,20.0667,25.98,64,0,4.29,LY,1691962417
422,troitskoye,52.9821,84.6757,10.79,93,97,4.2,RU,1691962418
423,slobodskoy,58.7322,50.1772,16.68,75,5,1.65,RU,1691962418
424,kailua-kona,19.6406,-155.9956,29.98,68,0,6.17,US,1691962418
425,cruzeiro do sul,-29.5128,-51.9853,12.27,67,0,0.69,BR,1691962418
426,ma'rib,15.4591,45.3253,30.05,29,23,3.81,YE,1691962418
427,tynda,55.1667,124.7167,15.46,99,100,2.21,RU,1691962418
428,shalqar,47.8333,59.6,19.73,23,1,2.36,KZ,1691962418
429,geraldton,-28.7667,114.6,8.23,93,0,4.63,AU,1691962418
430,bucerias,20.75,-105.3333,33.88,75,40,6.69,MX,1691962419
431,skovorodino,53.9833,123.9167,16.85,97,97,1.16,RU,1691962419
432,tuy hoa,13.0833,109.3,27.27,74,24,3.3,VN,1691962419
433,columbus,39.9612,-82.9988,30.64,51,75,4.63,US,1691962190
434,namtsy,62.7161,129.6658,19.01,47,100,4.52,RU,1691962419
435,kongsberg,59.6652,9.6465,15.09,98,100,2.0,NO,1691962419
436,porto novo,6.4965,2.6036,25.9,87,99,5.0,BJ,1691962419
437,avrig,45.7167,24.3833,15.36,92,0,0.94,RO,1691962419
438,mildura,-34.2,142.15,10.04,94,100,3.33,AU,1691962420
439,la'ie,21.6477,-157.9253,30.0,60,1,4.96,US,1691962420
440,iyidere,41.0119,40.3619,25.98,83,69,0.5,TR,1691962420
441,sittwe,20.15,92.9,26.24,90,99,2.27,MM,1691962420
442,bubaque,11.2833,-15.8333,26.32,85,100,7.36,GW,1691962420
443,kenai,60.5544,-151.2583,17.05,71,75,2.57,US,1691962420
444,kone,-21.0595,164.8658,21.69,48,92,1.3,NC,1691962420
445,waingapu,-9.6567,120.2641,22.71,89,5,3.16,ID,1691962420
446,lata,40.1629,-8.3327,13.14,97,76,1.0,PT,1691962420
447,nemuro,43.3236,145.575,14.36,82,100,7.29,JP,1691962421
448,rio brilhante,-21.8019,-54.5464,22.34,58,98,2.52,BR,1691962290
449,crane,31.3974,-102.3501,39.1,18,0,5.01,US,1691962421
450,kirakira,-10.4544,161.9205,26.42,81,100,3.94,SB,1691962421
451,illizi,26.4833,8.4667,33.89,18,0,4.54,DZ,1691962421
452,chul'man,56.8479,124.9104,14.7,95,99,3.32,RU,1691962421
453,ussel,45.55,2.3167,20.49,98,50,1.27,FR,1691962421
454,pariaman,-0.619,100.12,24.03,91,66,1.42,ID,1691962421
455,nizhnekamsk,55.6366,51.8245,22.44,33,0,5.0,RU,1691962421
456,vanino,49.0869,140.2543,15.59,80,100,2.8,RU,1691962421
457,selfoss,63.9331,-20.9971,12.8,91,1,2.97,IS,1691962422
458,klyuchi,52.2667,79.1667,10.39,86,99,2.78,RU,1691962422
459,amungan,15.3652,119.9582,27.32,84,100,1.17,PH,1691962422
460,taulaga,-11.0553,-171.0883,28.14,72,24,7.51,AS,1691962422
461,rikaze,29.25,88.8833,15.16,55,100,1.37,CN,1691962422
462,ulsteinvik,62.3432,5.8487,17.64,91,100,1.34,NO,1691962385
463,kavieng,-2.5744,150.7967,27.16,81,69,5.43,PG,1691962422
464,puerto deseado,-47.7503,-65.8938,5.36,71,85,3.97,AR,1691962422
465,kintampo,8.0563,-1.7306,23.18,87,89,2.3,GH,1691962422
466,buka,40.8108,69.1986,15.17,36,0,3.17,UZ,1691962423
467,baneh,35.9975,45.8853,22.2,26,0,3.67,IR,1691962423
468,tacna,-18.0056,-70.2483,18.11,68,0,4.63,PE,1691962423
469,tshabong,-26.05,22.45,13.59,21,0,1.68,BW,1691962423
470,novodvinsk,64.4165,40.8122,16.04,97,42,1.88,RU,1691962423
471,tavda,58.0425,65.2726,11.02,68,77,2.39,RU,1691962423
472,progreso,21.2833,-89.6667,34.06,71,100,6.6,MX,1691962423
473,galliano,29.4422,-90.2992,37.78,52,0,5.14,US,1691962424
474,calderitas,18.55,-88.25,33.06,62,40,9.26,MX,1691962424
475,dukhan,25.4297,50.7858,33.96,65,10,5.68,QA,1691962424
476,east grand forks,47.93,-97.0245,19.43,88,100,3.6,US,1691962424
477,kasama,-10.2129,31.1808,15.15,58,56,1.52,ZM,1691962424
478,fort st. john,56.2499,-120.8529,26.94,36,20,10.29,CA,1691962424
479,osakarovka,50.565,72.5692,10.71,57,100,3.23,KZ,1691962424
480,el hadjira,32.6134,5.5126,32.57,25,0,4.59,DZ,1691962424
481,ciudad lazaro cardenas,17.9583,-102.2,30.77,74,5,4.13,MX,1691962424
482,barabinsk,55.3571,78.357,8.94,93,100,3.31,RU,1691962424
483,guayaramerin,-10.8368,-65.3614,22.13,90,100,1.66,BO,1691962425
484,shimoda,34.6667,138.95,26.17,86,100,8.67,JP,1691962425
485,kizel,59.0471,57.6477,11.24,92,11,0.27,RU,1691962425
486,asaita,11.5636,41.4394,35.17,34,13,4.81,ET,1691962425
487,bamboo flat,11.7,92.7167,27.05,89,40,2.06,IN,1691962425
488,ain taya,36.7933,3.2869,25.91,83,20,0.0,DZ,1691962425
489,shahrud,36.4182,54.9763,20.69,36,0,3.75,IR,1691962425
490,kutum,14.2,24.6667,21.63,78,66,4.56,SD,1691962425
491,cole harbour,44.6724,-63.4751,20.66,95,95,2.57,CA,1691962426
492,ta`u,-14.2336,-169.5144,27.6,78,63,6.61,AS,1691962426
493,oranjemund,-28.55,16.4333,11.42,93,0,3.54,NA,1691962426
494,krupki,54.3178,29.1358,16.33,80,30,2.3,BY,1691962426
495,sechura,-5.5569,-80.8222,25.83,64,86,6.68,PE,1691962426
496,sandnessjoen,66.0217,12.6316,16.06,72,0,2.57,NO,1691962426
497,santo antonio,-6.3106,-35.4789,22.74,82,38,6.8,BR,1691962426
498,newala kisimani,-10.95,39.2833,17.05,92,37,2.07,TZ,1691962426
499,massandra,44.5167,34.1833,22.75,49,0,3.26,UA,1691962426
500,east ballina,-28.8667,153.5833,13.78,83,6,2.16,AU,1691962427
501,presidente medici,-11.1753,-61.9014,27.31,55,100,4.28,BR,1691962427
502,lodja,-3.4833,23.4333,23.39,66,63,1.16,CD,1691962427
503,trairi,-3.2778,-39.2689,25.56,82,56,5.45,BR,1691962427
504,taoudenni,22.6783,-3.9836,39.34,7,11,5.47,ML,1691962427
505,palu,-0.8917,119.8707,23.86,93,94,1.03,ID,1691962427
506,sokode,8.9833,1.1333,23.84,94,75,1.03,TG,1691962427
507,tazacorte,28.629,-17.9293,24.54,88,10,7.72,ES,1691962427
508,morogoro,-6.8167,37.6667,19.64,82,35,1.41,TZ,1691962427
509,el rosario,24.2556,-107.1828,34.83,49,7,5.46,MX,1691962427
510,belle fourche,44.6714,-103.8522,21.29,46,99,7.78,US,1691962398
511,izluchinsk,60.9794,76.9242,14.01,81,73,4.28,RU,1691962428
512,yigo village,13.5361,144.8886,25.62,88,40,5.14,GU,1691962428
513,brookings,44.3114,-96.7984,19.69,98,100,4.12,US,1691962277
514,sinop,41.7711,34.8709,19.81,84,0,2.02,TR,1691962428
515,rossosh',51.1209,38.5116,16.78,79,11,1.93,RU,1691962413
516,patong,7.8961,98.2966,28.34,76,92,9.09,TH,1691962428
517,al burayqah,30.4062,19.5739,25.97,68,0,5.14,LY,1691962428
518,calca,-13.3333,-71.95,17.64,74,100,3.27,PE,1691962428
519,huarmey,-10.0681,-78.1522,22.03,73,40,4.57,PE,1691962428
520,mandalgovi,45.7625,106.2708,18.41,56,87,6.28,MN,1691962428
521,fada,9.5667,8.3,19.66,98,98,1.7,NG,1691962429
522,east london,-33.0153,27.9116,16.5,81,100,4.72,ZA,1691962429
523,huambo,-12.7761,15.7392,18.89,32,3,2.57,AO,1691962429
524,ghat,24.9647,10.1728,31.54,18,0,4.96,LY,1691962429
525,veternik,45.2533,19.7594,19.03,46,0,1.14,RS,1691962429
526,zaozersk,69.4005,32.4476,13.62,86,98,1.85,RU,1691962429
527,rio rico,31.4715,-110.9765,36.24,34,28,5.89,US,1691962429
528,selkirk,50.1436,-96.8845,23.39,70,100,3.52,CA,1691962429
529,kuzhener,56.8111,48.9128,20.57,50,100,2.72,RU,1691962429
530,antofagasta,-23.65,-70.4,18.6,76,2,1.43,CL,1691962343
531,levuka,50.1834,-105.4011,20.9,33,54,5.32,CA,1691962430
532,kaa-khem,51.6833,94.7333,13.97,88,21,0.54,RU,1691962430
533,khandyga,62.6667,135.6,20.48,56,100,1.59,RU,1691962430
534,panjab,34.388,67.0233,10.2,52,0,2.63,AF,1691962430
535,amahai,-3.3333,128.9167,24.33,88,100,2.13,ID,1691962430
536,chajul,15.4853,-91.0342,25.02,94,100,1.84,GT,1691962430
537,visby,57.6409,18.296,15.12,94,96,3.09,SE,1691962172
538,al 'aziziyah,32.9058,45.0616,38.82,6,0,6.25,IQ,1691962430
539,timmins,48.4669,-81.3331,19.9,68,75,4.12,CA,1691962431
540,kenora,49.8167,-94.4337,22.1,52,75,4.12,CA,1691962272
541,santa ana,33.7456,-117.8678,37.45,64,20,5.14,US,1691962151
542,miches,18.9836,-69.0476,33.11,77,16,5.16,DO,1691962431
543,yaren,-0.5472,166.916,27.75,76,84,4.49,NR,1691962431
544,tabou,4.423,-7.3528,24.33,80,89,4.67,CI,1691962431
545,horta,38.5333,-28.6333,23.9,85,28,5.36,PT,1691962431
546,nizhneangarsk,55.7833,109.55,13.35,83,31,0.95,RU,1691962431
547,concepcion,-36.827,-73.0498,13.89,77,0,5.66,CL,1691962265
548,caister-on-sea,52.6481,1.7265,18.36,75,72,4.38,GB,1691962431
549,kodinsk,58.6881,99.1844,16.09,97,94,0.6,RU,1691962431
550,sfax,34.7406,10.7603,27.08,54,20,3.09,TN,1691962431
551,najran,17.4924,44.1277,29.36,35,19,2.41,SA,1691962432
552,remire-montjoly,4.9167,-52.2667,29.02,74,0,3.09,GF,1691962432
553,marka,1.7159,44.7717,24.45,91,51,6.01,SO,1691962432
554,santana,-0.0583,-51.1817,31.1,70,20,3.6,BR,1691962231
555,sereflikochisar,38.9393,33.5386,28.89,34,47,3.77,TR,1691962432
556,sisak,45.4661,16.3783,18.99,77,0,0.18,HR,1691962432
557,san sebastian de la gomera,28.0916,-17.1133,29.2,57,0,3.09,ES,1691962432
558,daye,30.0833,114.95,24.85,96,93,1.67,CN,1691962432
559,colonia,50.9333,6.95,20.54,75,0,1.03,DE,1691962186
560,ronneby,56.21,15.276,13.28,100,100,1.03,SE,1691962432
561,dhemaji,27.4833,94.5833,24.3,95,100,1.17,IN,1691962433
562,pinsk,52.1229,26.0951,18.86,71,62,3.57,BY,1691962433
563,hankasalmi,62.3833,26.4333,16.62,95,22,1.6,FI,1691962433
564,sorong,-0.8833,131.25,26.01,87,100,4.93,ID,1691962433
565,chegdomyn,51.1167,133.0167,17.06,99,100,0.55,RU,1691962433
566,gandajika,-6.75,23.95,25.23,24,35,2.4,CD,1691962433
567,sao raimundo nonato,-9.0153,-42.6994,25.33,30,7,1.48,BR,1691962433
568,preobrazheniye,42.9019,133.9064,18.29,93,98,6.44,RU,1691962433
569,mejit,10.2753,170.8646,28.14,74,73,6.76,MH,1691962434
570,petauke,-14.2426,31.3253,17.92,40,0,3.31,ZM,1691962434
571,todos santos,23.45,-110.2167,30.25,72,4,4.53,MX,1691962434
572,ust'-kut,56.7938,105.7672,14.44,84,1,0.5,RU,1691962434
573,narasannapeta,18.4167,84.05,27.86,76,100,1.77,IN,1691962434
574,pearsall,28.8922,-99.095,42.99,18,1,6.83,US,1691962434
575,carnarvon,-24.8667,113.6333,15.49,74,0,6.55,AU,1691962434
576,galveston,29.3669,-94.9669,39.49,63,0,7.2,US,1691962266
577,broken hill,-31.95,141.4333,11.07,90,86,3.14,AU,1691962434
578,tucupita,9.0622,-62.051,31.28,53,39,3.55,VE,1691962434
579,mariental,-24.6333,17.9667,12.78,15,0,4.33,NA,1691962435
